{
  "collider": {
    "number": 5,
    "size": [
      0.5,
      0.5,
      1.1
    ],
    "center": [
      0.0,
      0.0,
      -1.0
    ]
  },
  "hit_particle": "wom:solar_hit",
  "hit_sound": "epicfight:entity.hit.blade",
  "livingmotion_modifier": {
    "two_hand": {
      "idle": "cdmoveset:biped/new/dual_greatsword/living/greatsword_dual_idle",
      "run": "epicfight:biped/living/run_greatsword",
      "block": "wom:biped/skill/ruine_block",
      "walk": "epicfight:biped/living/walk_greatsword"
    },
    "ochs": {
      "idle": "wom:biped/living/ruine_idle",
      "block": "wom:biped/skill/solar_guard",
      "walk": "wom:biped/living/ruine_walk"
    }
  },
  "swing_sound": "epicfight:entity.weapon.whoosh_hard",
  "combos": {
    "two_hand": [
      "cdmoveset:biped/new/longsword/longsword_twohand_auto_1",
      "cdmoveset:biped/new/longsword/longsword_twohand_auto_2",
      "cdmoveset:biped/new/longsword/longsword_twohand_auto_3",
      "cdmoveset:biped/new/longsword/longsword_twohand_auto_4",
      "wom:biped/combat/ruine_chatiment",
      "cdmoveset:biped/new/dual_tachi/uchigatana_dash",
      "wom:biped/combat/solar_auto_3",
      "cdmoveset:biped/new/dual_greatsword/combat/greatsword_airslash"
    ],
    "ochs": [
      "wom:biped/combat/solar_auto_1",
      "cdmoveset:biped/new/longsword/tachi_twohand_auto_3",
      "cdmoveset:biped/new/longsword/tachi_twohand_auto_4",
      "cdmoveset:biped/new/dual_tachi/uchigatana_dash",
      "cdmoveset:biped/new/katana/katana_auto2",
      "cdmoveset:biped/new/dual_greatsword/combat/greatsword_airslash"
    ]
  },
  "styles": {
    "default": "two_hand",
    "cases": [
      {
        "style": "ochs",
        "conditions": [
          {
            "predicate": "epicfight:skill_active",
            "skill": "epicfight:liechtenauer"
          }
        ]
      }
    ]
  },
  "category": "s_greatsword",
  "innate_skills": {
    "two_hand": "epicfight:liechtenauer"
  }
}